{"table":[{"id":0,"square":0},{"id":1,"square":1},{"id":2,"square":4},{"id":3,"square":9},{"id":4,"square":16},{"id":5,"square":25},{"id":6,"square":36},{"id":7,"square":49},{"id":8,"square":64},{"id":9,"square":81},{"id":10,"square":100},{"id":11,"square":121},{"id":12,"square":144},{"id":13,"square":169},{"id":14,"square":196},{"id":15,"square":225},{"id":16,"square":256},{"id":17,"square":289},{"id":18,"square":324},{"id":19,"square":361},{"id":20,"square":400},{"id":21,"square":441},{"id":22,"square":484},{"id":23,"square":529},{"id":24,"square":576},{"id":25,"square":625}]}